Sequece,Predicted_Class,Average Protbert+ESM prob,Predicted IC50
SPSDSSTASTPITEQIER,0,0.9509,230.498971
HSDIKQIAQPGAAYFYVE,0,0.95125,236.23393
GYKGEETPVIVGSALC,0,0.9521,238.974045
QIAICPNNHEVHIYENSGAK,0,0.9597,241.315406
SMADSPKSQDIPLSEASSTK,0,0.96125,244.607459
KVKDASMQDSDTFEIYDPR,0,0.9584,245.149762
TGKTSIAIDTIINQKRF,0,0.9569,246.955473
IDTSSESPDHYLVDHTLDGR,0,0.95575,248.059195
VFYYTVDLPVSTFR,0,0.95185,250.028635
VAVVVRPGNAGLTDDEKTY,0,0.9551,261.498393
FLGSNDEEMSYDNNPFIK,0,0.95835,265.462757
VFNEYSDVVENLCK,0,0.9546,267.969182
ERLDNVPHTPSSYIETLPK,0,0.95805,273.360868
DKQPLNTGEQKDMTEFFT,0,0.9538,276.928132
TYEVNQVGILNPNEQPTHK,0,0.9601,278.026272
LIEEGTPVVGLATQEK,0,0.95025,281.315844
EGLLLYNTENNVGLK,0,0.95175,290.63803
NQQDLIEIPIVYGSK,0,0.9514,293.549865
HGESDTEQLQDDDIETTK,0,0.9507,296.808764
INVELIHPIAVEQGTTF,0,0.95395,300.663198
GLQIETQPASHDGEVDGEVK,0,0.95325,308.098724
NLQSKTIGLHVTEYE,0,0.95485,312.099258
TMIVHDDVESEPALTPSK,0,0.9556,319.956159
DSINKAMEKDHEEYNIGVL,0,0.9584,323.431855
NALVPGTIQVNGHGGQPSK,0,0.95245,325.848158
ATPSGDPSMEEHLSVMY,0,0.95455,326.676188
GAYYEPEQTVLIDNCR,0,0.9505,331.945773
EASTVLSSTKNEEENNYPK,0,0.9568,332.00792
SFKILAGDKNYITMDE,0,0.9584,341.726963
AGSHTIQIMYGCDVGSDGR,0,0.95355,343.51345
KSNSLITSTDPVEDHIS,0,0.952,345.539678
KIPNVLDGNVPLEST,0,0.9554,353.210201
AELVGPVIPQDWSTECMTT,0,0.95145,357.95484
NKTTMSPIADYVQGVR,0,0.96015,360.604708
DSRMNNPSETSKPSMESG,0,0.95195,361.688606
VTNVRNMSVIAHVDHG,0,0.95305,365.786484
PVSTDFAQYNSYGDVSGGVR,0,0.959,369.455878
DGAKLRIVNGKYSIPVN,0,0.95315,374.185314
ERHIIVACEGSPYVPV,0,0.95475,380.165119
SNEEQIVDLKAFNNVPK,0,0.9588,380.987879
YLTEHPDPNNENIVGYNNKK,0,0.95525,382.105983
HVDDTPSGSMDGVLDY,0,0.9585,383.76654
GVVHDDMECSHYM,0,0.95725,391.878404
SADFHVDLNPPSVR,0,0.9546,400.939278
EPDNVGVVVFGNDK,0,0.9547,401.18213
DIFQETKVQSLNIENGSEKH,0,0.95265,403.908238
VHSGSEQLANASEDTK,0,0.95505,404.226778
KLTPLPEDNSMNVDQDGD,0,0.9565,407.413951
EAEEKILTLENQVYSMK,0,0.9539,408.631592
ENLSTVEGNFANIDER,0,0.95495,409.913402
VNSDDPEAVMYVCK,0,0.95715,411.002435
VPDPQMSMENLVESK,0,0.9553,415.29181
DISKRYNGRPVNLMGTSV,0,0.9563,416.732442
DSSDPNELYVNHKVY,0,0.95755,427.320996
DELGKVLTPTQVMNRPS,0,0.95895,437.577145
ILVYDITDEDSFQK,0,0.9595,443.846714
TEVLQNMCQIGSSNRNPVT,0,0.95345,448.272346
ASVVVDIPISELSH,0,0.9519,453.206629
KGYRMVVNEGSDGGQSVYH,0,0.9594,453.821085
GLESAGIDQTTYNSIM,0,0.9568,459.873292
KVVDHYENPRNVGSLDKTS,0,0.95895,470.50606
ILRAVLPEGQDVTSGF,0,0.95185,472.948905
VNYTESDAYGVFEK,0,0.9522,478.56632
TDGYMGVNQAPEK,0,0.95535,483.52153
SLDIGNQMNASEETK,0,0.9547,485.190325
KRDFTEVLSPNMYNS,0,0.95615,485.493537
ITLEANSQSVSVQGIR,0,0.95465,485.699338
TFSGIHNDVVR,0,0.9523,491.222734
TVSQDEGVRPSTTMEGL,0,0.95475,497.333966
SAVDGTAENPFLD,0,0.95475,500.689805
TKLSVGDIENKHPVSE,0,0.96045,504.82902
DNVSVQDLHNETGVSR,0,0.95995,512.913237
SMQDGPEAGQTVKH,0,0.95355,515.925365
VLSGDEGYNEDMVR,0,0.9551,518.836109
KQIDSSPVGGETDEM,0,0.95745,530.011296
VNMYDTVNQSK,0,0.9522,532.073585
ASQVTVLEEGINTDNR,0,0.9519,532.224329
SQVIQGAVEEPVYSNK,0,0.9535,534.339228
KLGVQTVAVYSEAD,0,0.9574,543.357276
VSMKHVGNQQYNVT,0,0.9542,543.936868
VMDDVGQNPEITR,0,0.9531,551.209023
VPIKVEQIEAGTPG,0,0.95135,555.085002
VPKKLKKPAKPLLSKIKLR,1,0.9133,37.271289
WLWWLDLK,1,0.90145,37.784561
LRNWQWWRLFTK,1,0.92755,44.536097
LRHWQWWRVFTK,1,0.91305,47.641265
KVILKKKKKLLLL,1,0.94145,59.644433
KTLRKWLKMFKKRQLE,1,0.9171,61.231232
LKPIIKVLPKLF,1,0.92265,68.755199
LRLPWWHLWR,1,0.93115,70.686757
ERQLLWLELLRR,1,0.9048,76.084578
WLIPKWWPWPWRR,1,0.9205,78.633648
RLWWLDLK,1,0.91685,86.272818
MRRWFWRTRPNLLS,1,0.9209,86.510523
LPWWHLWR,1,0.9165,95.690078
QLLWLELLRR,1,0.91805,104.655898
KRILKFLKL,1,0.93125,114.494966
KPWWWHLR,1,0.9232,128.961349
PWWWHLR,1,0.91205,139.202551
IWKIKKLIK,1,0.92495,152.701357
MYTRKWRRRRRRRRAAP,1,0.9334,159.323313
LRHWQWWR,1,0.93365,163.503646
QHKLLKVIRKKLVRK,1,0.9307,187.67349
LRPILKILAK,1,0.93745,192.056771
KKISQKKLKKQKLMARE,1,0.9045,196.675618
LRNWQWWR,1,0.92315,203.891839
LLWWDR,1,0.90625,208.759668
MWLRL,1,0.90695,221.36854
MWQLKSMLRRCRRKW,1,0.9314,227.154495
LLKFWKR,1,0.9415,228.898519
RLELWLR,1,0.92145,235.572673
NKLVKKIKDRLPL,1,0.9284,251.728871
MWLQKMLSRRCRRKW,1,0.929,254.345116
LWQRPWLR,1,0.9139,258.829312
KKKKKKKKKKKKLL,1,0.91335,265.895793
LWQWRKSL,1,0.90775,269.998405
KLRWKL,1,0.9241,283.509942
LKKLIDALIE,1,0.9085,287.855725
LLKKRKWPL,1,0.9319,297.201388
LRWKL,1,0.92165,301.550866
LKRLW,1,0.92585,322.890935
KKKLLPW,1,0.9354,328.512194
